{
  "fd00388d91d881d9": "Abomasnow",
  "ffc3e2e0e18381ff": "Abra",
  "f181c1c3c383f3f3": "Absol",
  "f1f0f881c0f8f8f8": "Accelgor",
  "e7c7c781a1b100ef": "Aegislash",
  "ff9b9983c1c3f7ff": "Aerodactyl",
  "8f03c3c181a7c0e9": "Aggron",
  "fbe0e0b111e3f3f3": "Aipom",
  "cf80c383c199919b": "Alakazam",
  "f7e7c3c3c3c181ff": "Alolan Diglett",
  "e3c3c383c38301e7": "Alolan Dugtrio",
  "c3c3c3e7e7e1e1e3": "Alolan Exeggutor",
  "fff9f98081c787ff": "Alolan Geodude",
  "c783c3c183c381d9": "Alolan Golem",
  "ffc1e1c183273f3f": "Alolan Graveler",
  "ffc3c383c3c1c0e7": "Alolan Grimer",
  "cf8f8bc1c38381f3": "Alolan Marowak",
  "e7c383c38387e7e7": "Alolan Meowth",
  "ff3f2783c1c3ffff": "Alolan Muk",
  "ff87c383838787ff": "Alolan Ninetales",
  "ffa1878383c3cfdf": "Alolan Persian",
  "c9c1e1c1e38181e3": "Alolan Raichu",
  "ff87878383c383ff": "Alolan Raticate",
  "ffd9d1c183e1c9ff": "Alolan Rattata",
  "ffe1e1c1c1c3c1ef": "Alolan Sandshrew",
  "f7e3c383c1c981e7": "Alolan Sandslash",
  "cf878783c3c1c1ef": "Alolan Vulpix",
  "e3c3c3c3c7c7c7e7": "Alomomola",
  "e3c0c983493303f1": "Altaria",
  "e78787c7e1e1c1c3": "Amaura",
  "ff00b581c1c3c3ff": "Ambipom",
  "e381c1c3bd1080e7": "Amoonguss",
  "e3e3e78189c3c1c9": "Ampharos",
  "e3e3e58181c793d3": "Anorith",
  "ff11f181a0b622bf": "Araquanid",
  "c3c1c1e1e1a181f1": "Arbok",
  "9f038f81a383818f": "Arcanine",
  "e3c7cbc1c38383e7": "Arceus",
  "ffc7c4a383e1f0ff": "Archen",
  "f1819383c1e1e3e7": "Archeops",
  "efe4e1c1c1e140fd": "Ariados",
  "87878786878303f3": "Armaldo",
  "9383c3c1c3c181e3": "Aromatisse",
  "c781c3c1c5a180f3": "Aron",
  "b9218387c9c181cf": "Articuno",
  "c781d1c183c383c3": "Audino",
  "8f07878c8d838387": "Aurorus",
  "f30183b1a58383d3": "Avalugg",
  "f3e3c383878381e3": "Axew",
  "e7c3c1c381d3c3c7": "Azelf",
  "d981c38383c3c0d5": "Azumarill",
  "87838785878581c7": "Azurill",
  "c7838783c3c1c1c9": "Bagon",
  "e7c3c383c38364e4": "Baltoy",
  "e783c3c184e380d7": "Banette",
  "dd8183c387c180f9": "Barbaracle",
  "ffff870781f1ffff": "Barboach",
  "f1c0c1e19b0303c7": "Basculin",
  "9f83c383c78101f3": "Bastiodon",
  "e7c78f87c383c3c3": "Bayleef",
  "e7c7a41dc38383d1": "Beartic",
  "ef00b0c3834701f9": "Beautifly",
  "d1c1e1c183d191fd": "Beedrill",
  "c7c3c3c3c78181e3": "Beheeyem",
  "ffff8f8181f1ffff": "Beldum",
  "c7838387c38381c7": "Bellossom",
  "c7c7c78181e3811f": "Bellsprout",
  "b5e183c3c9a181c7": "Bergmite",
  "878387c1c187c3c3": "Bewear",
  "e3e1e303879180ed": "Bibarel",
  "f980c1b1c9a100f7": "Bidoof",
  "f190d18383c383c3": "Binacle",
  "c3c3c3c3c3c3c3d3": "Bisharp",
  "c7038f81e1e3f3e1": "Blacephalon",
  "e1a1c385838b03b3": "Blastoise",
  "e3c3c781c1c38f8f": "Blaziken",
  "c383819de1c1c1c3": "Blissey",
  "fbe3e1c187838787": "Blitzle",
  "e7c3c3c181b510bf": "Boldore",
  "e3c1c1c3878387e7": "Bonsly",
  "e7c1c1c3c1e1e0f7": "Bouffalant",
  "cfc1e18383c3c3ff": "Bounsweet",
  "c383c1c383c3c1c7": "Braixen",
  "3e1891c383a383e7": "Braviary",
  "8787c5c1878387a7": "Breloom",
  "ffe1f980c1c3c3ff": "Brionne",
  "ffffe702c1c3ffff": "Bronzong",
  "e781c1c3c38381c7": "Bronzor",
  "ffcfc7c081c7ffff": "Bruxish",
  "e3e1e1c3c38383c3": "Budew",
  "fff2d9818333f9ff": "Buizel",
  "f980d191f18180f5": "Bulbasaur",
  "c7c7c7c3c3c3e3e7": "Buneary",
  "d98181e3e3e3e3e3": "Bunnelby",
  "e7e7c3c3c3c3c3c3": "Burmy",
  "df001a8e8dc1c1c3": "Butterfree",
  "d7c1e18583c3e3fb": "Buzzwole",
  "ffe3c38383a5f0ff": "Cacnea",
  "e7c3c78125c383c3": "Cacturne",
  "ffe1e1c1c1e100ff": "Camerupt",
  "bb80c78183c383e7": "Carbink",
  "ff80d1a107e7c7ff": "Carnivine",
  "ff83c383e1c100ff": "Carracosta",
  "ab83c38383c3cbef": "Carvanha",
  "ff31c3c181c7b7ff": "Cascoon",
  "c7c7c3c183c3c3c7": "Castform",
  "47078783c2c6c1e1": "Caterpie",
  "f793a383878580f7": "Celebi",
  "efc3c3c1c70500ef": "Celesteela",
  "e7e3e381c1c981c7": "Chandelure",
  "e70329c9a9c181f9": "Chansey",
  "ff819dc0c68381ff": "Charizard",
  "ffc1c3c1a1e1c3ff": "Charjabug",
  "8f878d8585c58393": "Charmander",
  "c7c7cb81a1c38387": "Charmeleon",
  "f78383878d83838f": "Chatot",
  "8f8383c383c381c7": "Cherrim",
  "c781e1c1c1870787": "Cherubi",
  "fdc1c3c120f3c1fb": "Chesnaught",
  "c38383c383e1c1c3": "Chespin",
  "f1c1c18787878797": "Chikorita",
  "e7c7c383c1e1c3c3": "Chimchar",
  "cfc7c7c7e7e7e3e3": "Chimecho",
  "ff81f302c1f0fcff": "Chinchou",
  "e7e3e4e0830f07cf": "Chingling",
  "9b81c1c3c38302e7": "Cinccino",
  "c7818399c1a581e3": "Clamperl",
  "ffebc38381cbcbff": "Clauncher",
  "ffffe78003a7ffff": "Clawitzer",
  "f381d1c183e1c1c3": "Claydol",
  "bf0085a999c181d3": "Clefable",
  "9f80a5c1a59181d3": "Clefairy",
  "e3819c1c91a981cb": "Cleffa",
  "fc0183c3c1c3c1c5": "Cloyster",
  "e78f8f8183c3c3c1": "Cobalion",
  "fff8f501c39100ff": "Cofagrigus",
  "ff87cf8081c7efff": "Combee",
  "f321078781c7c7c7": "Combusken",
  "cb81c199998981e3": "Comfey",
  "f700a781b1a108ff": "Conkeldurr",
  "d70181c7c3c180e7": "Corphish",
  "fc98d981c1e1c0e3": "Corsola",
  "ffa1e38181e3e7ff": "Cosmoem",
  "ff0989c3c3c1e3ef": "Cosmog",
  "ffe3d3c031c3e7ff": "Cottonee",
  "fff8f0d02593bbff": "Crabominable",
  "ffe1e1e1e38100ff": "Crabrawler",
  "938383c383e3e1c1": "Cradily",
  "e381d1838387cfcf": "Cranidos",
  "cf81c5c1e38181cd": "Crawdaunt",
  "f9119983c383809f": "Cresselia",
  "878383c3d98189c9": "Croagunk",
  "ff0f0fc1c0f8fdff": "Crobat",
  "8f8f878387c1c187": "Croconaw",
  "ff81c1c9c18b01ff": "Crustle",
  "e381819be38181e3": "Cryogonal",
  "c78183c3c3c18393": "Cubchoo",
  "c1c3c1c3c1c9818f": "Cubone",
  "dfcfc3838387c3ef": "Cutiefly",
  "ffe3e38183c3c3ff": "Cyndaquil",
  "f184e90383a303cf": "Darkrai",
  "e7e1e381c99180f3": "Darmanitan",
  "ff0f8f05858d07ff": "Dartrix",
  "f380e183c1c3c3cf": "Darumaka",
  "ff13938383c3e0ff": "Decidueye",
  "d988c9c1c3c100fb": "Dedenne",
  "e7c383c9c3c1e1e3": "Deerling",
  "e7878787c3c1c1e1": "Deino",
  "9b81c1c5c1c3c3e3": "Delcatty",
  "c3c18387c3c1c193": "Delibird",
  "ff070f4387c1c1ff": "Delphox",
  "efc7c781851733f3": "Deoxys",
  "e7e3c3c3c1c381d3": "Deoxys Attack Form",
  "e3c3c3c1c1c9818f": "Deoxys Defense Form",
  "c787878385536239": "Deoxys Speed Form",
  "f381918e07a381e3": "Dewgong",
  "e7c3c3c1e38381d9": "Dewott",
  "e7c3c1c3c38383db": "Dewpider",
  "e3c3c1c3c1c3e1e7": "Dhelmise",
  "f1f0c9c1c3c1c1c5": "Dialga",
  "e3c1e381c1c3c3c7": "Diancie",
  "ff81e52481c7c3ff": "Diggersby",
  "c3c1c3c1c38500f7": "Diglett",
  "e783c3c1bd0100ef": "Ditto",
  "c38381c7e1e1c3c3": "Dodrio",
  "f9e383e3e3e3e3e3": "Doduo",
  "ffe7e381c5c1c3ff": "Donphan",
  "ff00c3c246a518ff": "Doublade",
  "df0f03c701e7c3e7": "Dragalge",
  "c3e3e7a72f6081e3": "Dragonair",
  "8783c383c5c183f3": "Dragonite",
  "ffe7e38101ebe7ff": "Drampa",
  "fff7c781a1e1fbff": "Drapion",
  "fde1f0f0f80cc0f1": "Dratini",
  "e1c1c3c1c3a120f3": "Drifblim",
  "c7878783c3e9e1f1": "Drifloon",
  "7d04b581c1c3c3c3": "Drilbur",
  "8783c1c3c383819b": "Drowzee",
  "efc0c1c3c1a301f9": "Druddigon",
  "c38383c3c1e1c1e1": "Ducklett",
  "e3e1c383c1c300f7": "Dugtrio",
  "fcf8e1c1838707c7": "Dunsparce",
  "e1c1d185b98181e3": "Duosion",
  "ffe7a78181adfdff": "Durant",
  "f3c7c783878583e7": "Dusclops",
  "ffc3c781058f07ff": "Dusknoir",
  "cf8787c1c1e1c1e1": "Duskull",
  "fff33f0191c3c3ff": "Dustox",
  "f1c0c1e1d19101cf": "Dwebble",
  "cfcfc38383c3c1e1": "Eelektrik",
  "ffffc38391b1ffff": "Eelektross",
  "bf9d93c181e383c7": "Eevee",
  "8f0586c6c39181c7": "Ekans",
  "cf87c7c0c6c103b3": "Electabuzz",
  "ff44c78184d393ff": "Electivire",
  "ffe0e38181d590ff": "Electrike",
  "c3a1b0e87c8181c7": "Electrode",
  "ffe3e3c080e7e7ff": "Elekid",
  "e3c1c1c3c1c383c3": "Elgyem",
  "c3c3eb80c9c180bb": "Emboar",
  "ff8f8f8891a387ff": "Emolga",
  "f3e3e383c9a1c1c3": "Empoleon",
  "8f83878383a383a3": "Entei",
  "c3c1c1e1e183a3f7": "Escavalier",
  "bf9e85c9c1c3c3c3": "Espeon",
  "c781c1c3c1c3c3c7": "Espurr",
  "ffe1e1c1c1c301ff": "Excadrill",
  "ff81c1d2cc91e1ff": "Exeggcute",
  "d1c1c38383c3c1c3": "Exeggutor",
  "8707c78183a38393": "Exploud",
  "970383c3c1e1c1e1": "Farfetchd",
  "cfc0c9c1c38321f3": "Fearow",
  "e7e7c5c1c1c3c1a3": "Feebas",
  "f191d183c1c3c3e3": "Fennekin",
  "e3c3c3a1e1c1c1f9": "Feraligatr",
  "f7c1c3c1c1c383e3": "Ferroseed",
  "fffc3c31c1c3c3ff": "Ferrothorn",
  "fbf0f9808587038f": "Finneon",
  "87878783c5c181cf": "Flaaffy",
  "87c1e581c1c3c3e3": "Flabébé",
  "dc90a5c191a301cf": "Flareon",
  "f8f8d98103c787ef": "Fletchinder",
  "fcf8cd8189c3c9fd": "Fletchling",
  "efcf8787a38383a7": "Floatzel",
  "e1e1e1c183c383c7": "Floette",
  "c383c38583c383c7": "Florges",
  "ff0187c1c18b87ff": "Flygon",
  "e7c1c3c1c38383e3": "Fomantis",
  "c3c1f83081c783c7": "Foongus",
  "ffc1d38181d3c3ff": "Forretress",
  "cf8187c1c1e1c199": "Fraxure",
  "ffd9991980ddffff": "Frillish",
  "c3c1c1c981c78783": "Froakie",
  "ff8f0fc1c58313ff": "Frogadier",
  "c7c3c3c3c3c3c3e3": "Froslass",
  "8787878983c3c1c3": "Furfrou",
  "f0e0e19187c1c1e1": "Furret",
  "8783c383e1c1c1d1": "Gabite",
  "f7c383e1e1c18999": "Gallade",
  "ffe1e1c1c1a921ff": "Galvantula",
  "ef81a383d19180f3": "Garbodor",
  "c7c7c781a583039b": "Garchomp",
  "f1f1f1c0ec8101f3": "Gardevoir",
  "ef81c383c99183c3": "Gastly",
  "ffc1839399b018ff": "Gastrodon",
  "8783c383a3c1c989": "Genesect",
  "9f039383a18703c7": "Gengar",
  "fffffd0001afffff": "Geodude",
  "f18183c3c3c1c0e3": "Gible",
  "e7c7c783c3c100fb": "Gigalith",
  "cf8fc9c1c383c3c3": "Girafarig",
  "df0081cbc3c180f3": "Giratina",
  "fbfbe32182e3d3df": "Glaceon",
  "7f009989a1a381c7": "Glalie",
  "f8a083c341c7c7c7": "Glameow",
  "a989a383878380db": "Gligar",
  "bd80999181e3f3f3": "Gliscor",
  "ffc2c3c1c1c3c3ff": "Gloom",
  "878589c3c1e1e1c1": "Gogoat",
  "7f18998983c387ef": "Golbat",
  "ffefcb81c1d1dfff": "Goldeen",
  "c7c3c7a0c1c381f1": "Golduck",
  "e3c0e1e0c1c388f8": "Golem",
  "970387c1c1c38393": "Golett",
  "c3c3c383a1c3c1f9": "Golisopod",
  "f181c38381e3c383": "Golurk",
  "e3e1e0e1a38383c3": "Goodra",
  "a7070f07670381cb": "Goomy",
  "ffe3ce8405f1f1ff": "Gorebyss",
  "e781878383c3c3c7": "Gothita",
  "d1c1c1c387c3c3c3": "Gothitelle",
  "8f8183c3c3e3e7e7": "Gothorita",
  "c9c1c386878383c7": "Gourgeist",
  "c9c1e18383c3839f": "Granbull",
  "ffffe78081a7ffff": "Graveler",
  "fff7a4c3c307cfff": "Greninja",
  "ffc7c38383e180ff": "Grimer",
  "c781c1e1c18701cf": "Grotle",
  "ffe0e1a181d38fff": "Groudon",
  "f98081e323b1f0f9": "Grovyle",
  "f1e1e1c1c3c1c1c3": "Growlithe",
  "ffffe38181e3ffff": "Grubbin",
  "c383c703c38380cf": "Grumpig",
  "fcf0c3839b8180e7": "Gulpin",
  "fff0f0e1e18301ff": "Gumshoos",
  "3f01c0e3c1c3e1c1": "Gurdurr",
  "ff393d81e1c1c0ff": "Guzzlord",
  "ef838783a1e1e1f9": "Gyarados",
  "e7c7c383c1c58787": "Hakamo-o",
  "f1e1c3c3c38383c3": "Happiny",
  "9f0183e181ab81f1": "Hariyama",
  "efe7e1c121e3e1f3": "Haunter",
  "ff0387c121a787ff": "Hawlucha",
  "8f8785c5c1c381d9": "Haxorus",
  "ff83c3c1d0e149ff": "Heatmor",
  "ffc3c3c180f3f3ff": "Heatran",
  "ff9f9f840d879fff": "Heliolisk",
  "ffe1e1c184c787ff": "Helioptile",
  "c7c7c3c3c3a100fd": "Heracross",
  "87858d89c3c1c1c5": "Herdier",
  "ffe7e381c98580ff": "Hippopotas",
  "ff8787c183c300ff": "Hippowdon",
  "d381c1e1e1e3e3e7": "Hitmonchan",
  "8f8c84cbcfcfcfcf": "Hitmonlee",
  "870797818d8584c7": "Hitmontop",
  "1f1f9b81c187078f": "Ho-Oh",
  "ff038393c0f1e3ff": "Honchkrow",
  "e7e3c383c3c181c7": "Honedge",
  "87076781c1e1e0e1": "Hoopa",
  "83c3c38381c7c3c3": "Hoothoot",
  "ffb813c3c3c3c3ff": "Hoppip",
  "e30383e1c1870787": "Horsea",
  "8f88c6c1c385a127": "Houndoom",
  "878787c1c3c1c1c5": "Houndour",
  "fff0859383870fff": "Huntail",
  "b990938383a3e3f7": "Hydreigon",
  "df0085e1c5838393": "Hypno",
  "e3c3cb8185d1c1c3": "Igglybuff",
  "c3c1c1c381e3c1c3": "Illumise",
  "f3f3c3c3c1c3c3fb": "Incineroar",
  "e7c187c1a9c840f9": "Infernape",
  "c783c38383c300ef": "Inkay",
  "c7c1c385c9c1c1d1": "Ivysaur",
  "cf87870dc1c383e3": "Jangmo-o",
  "ffff99918999ffff": "Jellicent",
  "8f83d78093838393": "Jigglypuff",
  "ffe7c78181d900ff": "Jirachi",
  "c7838f81c1c3c199": "Jolteon",
  "ffc3cb8195c1c9ff": "Joltik",
  "c3c3c3c7c38381d3": "Jumpluff",
  "ffc3e38183c301ff": "Jynx",
  "ff83e38181c701ff": "Kabuto",
  "cfc3c3a1c1a988f9": "Kabutops",
  "c3c3c5c1878381cd": "Kadabra",
  "c3c3c3c3c3c3c3e7": "Kakuna",
  "e3c0c1e19383819b": "Kangaskhan",
  "e3e3c38383c3c3c3": "Karrablast",
  "df9f2b83c0c7c797": "Kartana",
  "87878387c5c1c0e9": "Kecleon",
  "8f09078dc0c7838f": "Keldeo",
  "c3c1c3c1e1f1f8f9": "Kingdra",
  "fff3f121a1993cff": "Kingler",
  "c3c3c3c183c3e7e7": "Kirlia",
  "df038b89c1e1c1f7": "Klang",
  "fff0f0c183c3c9ff": "Klefki",
  "cf0f8f81c0f1f0fb": "Klink",
  "ff978783c3c1e7ff": "Klinklang",
  "bf00a1c383c301df": "Koffing",
  "ff81c1c3878383ff": "Komala",
  "ff8888dcc38307ff": "Kommo-o",
  "fff9998981d924ff": "Krabby",
  "c383c3c1c383c3c3": "Kricketot",
  "d3c3c38383c381c7": "Kricketune",
  "8f878785c9830727": "Krokorok",
  "c383c3a10b9981b9": "Krookodile",
  "ffffa78181e3ffff": "Kyogre",
  "fcf8c9c183a3c1f9": "Kyurem",
  "e783f301e1a100f7": "Lairon",
  "cfc1c18b83c38f8f": "Lampent",
  "d381a19387c1c1e3": "Landorus",
  "ffcfcf40c0e3e3ff": "Lanturn",
  "c7c3c7c7c3c100fb": "Lapras",
  "efe78da1c78180f3": "Larvesta",
  "efcfc787c3c1c1d3": "Larvitar",
  "df0f0f8f81c7e7e7": "Latias",
  "ffefef808333e7ff": "Latios",
  "d981898dc1c381d3": "Leafeon",
  "e7e7c3c7c7c3e3f7": "Leavanny",
  "c78f8783c1c3c3e3": "Ledian",
  "e3c3c781c1d1c1d1": "Ledyba",
  "c7c3c383b381c1c3": "Lickilicky",
  "c781c1e2d0d100fb": "Lickitung",
  "7c183a83839383f3": "Liepard",
  "d381c1c3c1e7c3c3": "Lileep",
  "c3c1e183c3c181c7": "Lilligant",
  "d98183c3c3c1c1e1": "Lillipup",
  "ffffee80019fffff": "Linoone",
  "8f82c3c1d1c101cf": "Litleo",
  "f9f9d1c3c38383e7": "Litten",
  "e7e7e381e183c3c3": "Litwick",
  "c383838787c181d3": "Lombre",
  "c3c3c383c781e3f7": "Lopunny",
  "f382c781a1c381f3": "Lotad",
  "b9118bc183e1c18f": "Loudred",
  "c7c7c3c181c79393": "Lucario",
  "e381c383c38383e3": "Ludicolo",
  "fff8d8c123b1e0ff": "Lugia",
  "b8b087838387878f": "Lumineon",
  "f989959191c381d3": "Lunala",
  "c781e1c1c1e181c7": "Lunatone",
  "f7c7c1c3c3c1c1e7": "Lurantis",
  "e3e3c3c3c3c3c3e3": "Luvdisc",
  "df078785c2c383c3": "Luxio",
  "af0f0f83c1c3819b": "Luxray",
  "fff9cb8181c721ff": "Lycanroc",
  "9f91c38383c59313": "Machamp",
  "c7c3c3a183c39199": "Machoke",
  "f38183c5c1c3c3e7": "Machop",
  "878785c3e1c1c3c3": "Magby",
  "fc89d381c1c383c3": "Magcargo",
  "cbc1c783c3c3c3e7": "Magearna",
  "c7c7c7819383818f": "Magikarp",
  "e3e3e3c083a380cf": "Magmar",
  "7b01c1c983870373": "Magmortar",
  "ffffe4e01387ffff": "Magnemite",
  "9d81d189a1c383c3": "Magneton",
  "fff7d1c181b931ff": "Magnezone",
  "e7838783c3c181d3": "Makuhita",
  "e1e0e1c1e183a1e1": "Malamar",
  "ffe1e1c1e1c8c0ff": "Mamoswine",
  "ffe3c18e0f078fff": "Manaphy",
  "8783c3c1c1c383c3": "Mandibuzz",
  "cfcfcb81c1c3c3c3": "Manectric",
  "ff0595c4c193f3ff": "Mankey",
  "ffff9d8103f1ffff": "Mantine",
  "ff93870789d8c3ff": "Mantyke",
  "f181d38181c7c7c7": "Maractus",
  "e781c383c38300ff": "Mareanie",
  "d381a1e1b18381cb": "Mareep",
  "ff00a5a1a1c3c3ff": "Marill",
  "9f878783c3a1c1d1": "Marowak",
  "c783c38383c383c3": "Marshadow",
  "e7e7a5c1938383c3": "Marshtomp",
  "ff9f9784d18383ff": "Masquerain",
  "ffe3e1c2c18b0fff": "Mawile",
  "f7e3c3c3e3c3c3e7": "Medicham",
  "e7c3e381c38380e7": "Meditite",
  "fc8081d9c1c501f9": "Mega Abomasnow",
  "9b819391c1c3c3c3": "Mega Absol",
  "ff91e18303e3a3ff": "Mega Aerodactyl",
  "ff038783c7c000ff": "Mega Aggron",
  "c1d1b58199a1c1c3": "Mega Alakazam",
  "c78183c5c0e7070f": "Mega Altaria",
  "8783c3c18da181a7": "Mega Ampharos",
  "9b81c38389c9c1e3": "Mega Audino",
  "0f47c785c98901e7": "Mega Banette",
  "e1c1c1c383c381d5": "Mega Beedrill",
  "9f83c3c1c1e1c0f8": "Mega Blastoise",
  "cf8087838f8f8f8f": "Mega Blaziken",
  "e787a703c1a300ef": "Mega Camerupt",
  "9f808987c1c3c1e7": "Mega Charizard X",
  "ff83cb818dc1c3ff": "Mega Charizard Y",
  "e7c3c3c1c1c300ef": "Mega Diancie",
  "cf47cf80818f1333": "Mega Gallade",
  "ffc7a307c5c193ff": "Mega Garchomp",
  "8f8f070f0f071395": "Mega Gardevoir",
  "cfc0c3c1c1a311f1": "Mega Gengar",
  "9f80f1818b8383c3": "Mega Glalie",
  "f9c2838787a181d3": "Mega Gyarados",
  "e7e3e38181e3c3c3": "Mega Heracross",
  "e3e3c38383c3c1c3": "Mega Houndoom",
  "c383c3c1e38181e3": "Mega Kangaskhan",
  "6703cbc0c0c7c3cf": "Mega Latias",
  "ffb8e18381e3e7ff": "Mega Latios",
  "1f07861d0f0f8fcf": "Mega Lopunny",
  "c3c1c1c381c79393": "Mega Lucario",
  "f940c1c983c301cf": "Mega Manectric",
  "e780938387830f0f": "Mega Mawile",
  "ed01c38387c7c767": "Mega Medicham",
  "f9189d81e18908f9": "Mega Metagross",
  "c7c1c1c3c3839391": "Mega Mewtwo X",
  "c3c1e1c1c1c38393": "Mega Mewtwo Y",
  "f920e207830f0f7f": "Mega Pidgeot",
  "ff87d78081c707ff": "Mega Pinsir",
  "274a070f23c383c3": "Mega Rayquaza",
  "c7878f8183870787": "Mega Sableye",
  "ff81e158798180ff": "Mega Salamence",
  "fff9f0708cc9c2ff": "Mega Sceptile",
  "ef0081e5c38383bb": "Mega Scizor",
  "730383c3c1c3c7f7": "Mega Sharpedo",
  "c38383c383c383e7": "Mega Slowbro",
  "c781878301ddf8f9": "Mega Steelix",
  "e783879496b020bd": "Mega Swampert",
  "cf8f8b83878301b7": "Mega Tyranitar",
  "ffc1e38191c381ff": "Mega Venusaur",
  "e7e3e3e3c38383c3": "Meganium",
  "ff81c9a13871c1ff": "Melmetal",
  "c7c3c1c3c1c383e3": "Meloetta",
  "c3c19199c1c9c1e1": "Meltan",
  "ffa48b0b0b9908ff": "Meowstic",
  "c781c1c3c78181e7": "Meowth",
  "e38181e3c3c3c7c7": "Mesprit",
  "ffc1cb81803f3fff": "Metagross",
  "ff81e1c1991911ff": "Metang",
  "9f8f8f038783c1f0": "Metapod",
  "cf87c307c1e1e1f1": "Mew",
  "f3c3c39189c3c1c9": "Mewtwo",
  "e1e0e1c18783819d": "Mienfoo",
  "dfc7c7848b0703f3": "Mienshao",
  "1f1889c3e1c1818f": "Mightyena",
  "c70989c9c5d0818f": "Milotic",
  "878383c3d1c18387": "Miltank",
  "cfcfc78183c383e3": "Mime Jr.",
  "e7e7e7c1c1c38387": "Mimikyu",
  "3b03938385c9818f": "Minccino",
  "ffc3c3c1c1c3c1ff": "Minior",
  "9f9f91c38787878f": "Minun",
  "cfc1e189c9c181e7": "Misdreavus",
  "e3c3c383c3e1e3e3": "Mismagius",
  "ffffde01c1e1ffff": "Moltres",
  "3f098fc0c18b03e7": "Monferno",
  "f7e3c3c3c3e7e7e7": "Morelull",
  "ffff2f8181c7ffff": "Mothim",
  "bb01c781c1c3989c": "Mr Mime",
  "8f8f8f83c1c3c1cf": "Mudbray",
  "cfcfcf848783c1c3": "Mudkip",
  "f9f0e1c183c3839f": "Mudsdale",
  "ffffc7818587ffff": "Muk",
  "c7c7c3c3c38383c3": "Munchlax",
  "e381e1e0a7a081c7": "Munna",
  "c7078783d1c1818f": "Murkrow",
  "e1c18f81b0b101d7": "Musharna",
  "fff9f0e0c2877fff": "Naganadel",
  "f8c0c3c1c9c1c0c7": "Natu",
  "ffe3e681a12d20ff": "Necrozma",
  "ff83c781e1c181ff": "Nidoking",
  "e1c1e38191d1819d": "Nidoqueen",
  "eb80a1a9d18381e3": "Nidoran♀",
  "cb81c383e18381e9": "Nidoran♂",
  "c7c0e1c1c3838387": "Nidorina",
  "bb01a383c1c38399": "Nidorino",
  "c3c3c383c38383ef": "Nihilego",
  "ffffc38301f6ffff": "Nincada",
  "f980c18783c381e3": "Ninetales",
  "ff3c7c09838707ff": "Ninjask",
  "978787c783c3c1c7": "Noctowl",
  "f3c0c1c3c383c3ef": "Noibat",
  "ff0ccd11a1a3c9ff": "Noivern",
  "8f078783e183038f": "Nosepass",
  "8707c9c1e0f0c0e3": "Numel",
  "f1c0878383878783": "Nuzleaf",
  "e3e1c1e1e70100fb": "Octillery",
  "8f81c1c3038f8f8f": "Oddish",
  "8783a38393c181e3": "Omanyte",
  "e3e3e1c1d18300fb": "Omastar",
  "a781819d98b1e3f1": "Onix",
  "ff81d19121c783ff": "Oranguru",
  "fbe3c38787c1e1e7": "Oricorio",
  "c781c1c3c3c1c1c3": "Oshawott",
  "fbf1e1858987878f": "Pachirisu",
  "1f03c1878f8101f3": "Palkia",
  "ffe7e701898d00ff": "Palossand",
  "c78183c3839381c7": "Palpitoad",
  "c7819383c1e1c1f3": "Pancham",
  "f7c3c383b1c181fb": "Pangoro",
  "c3c3c1c9c1c381cb": "Panpour",
  "c3c3a78183e1c1c3": "Pansage",
  "e7838783c1c5c1c3": "Pansear",
  "ff81c3c180f333ff": "Paras",
  "e3e1e1c181b31077": "Parasect",
  "fcc0c38387839f9f": "Passimian",
  "c7038f81c1c3c1c9": "Patrat",
  "ff20c1e1e0e1c9ff": "Pawniard",
  "e303078787c190f8": "Pelipper",
  "f1f1f121c38582d3": "Persian",
  "cf81c3c383c3c3c7": "Petilil",
  "97038785e981a1e1": "Phanpy",
  "df0083c3c3e3c1e6": "Phantump",
  "c3c1e1a1a1a5a1c3": "Pheromosa",
  "ff0f0f071b8500ff": "Phione",
  "3f1091c38783c383": "Pichu",
  "3b09c3e0e0e18387": "Pidgeot",
  "b98183c3c70783e7": "Pidgeotto",
  "8f0f0f85c1878387": "Pidgey",
  "3f0383c3b0e1c1c3": "Pidove",
  "e7a3a383c38381d3": "Pignite",
  "9f80c58983c383c3": "Pikachu",
  "ffc0c3c183e1e3ff": "Pikipek",
  "e381c383c38381f1": "Piloswine",
  "e38181d3c1c381e3": "Pineco",
  "f310ba82c1e1c1c7": "Pinsir",
  "c3c1c1c383c3c3c7": "Piplup",
  "c99183878783c3c3": "Plusle",
  "f7c3c3c3c3e3e3f3": "Poipole",
  "e3e3c383c1c3c1d1": "Politoed",
  "ff0f0f0787c180ff": "Poliwag",
  "3f0383c381c783f3": "Poliwhirl",
  "ffc3e38103cb91ff": "Poliwrath",
  "c7878bc1c1c3c3c3": "Ponyta",
  "9f8f8f03c3c101e7": "Poochyena",
  "ffe1c38383a380ff": "Popplio",
  "cd81e581c1c5c0f1": "Porygon",
  "f781c1c383e3f3f3": "Porygon-Z",
  "b38181d3c70301f9": "Porygon2",
  "fff8f83081e9e0ff": "Primal Groudon",
  "fb11b1838783e1f7": "Primal Kyogre",
  "fbe0c18b070f8f9f": "Primarina",
  "c7c3a31391e181cf": "Primeape",
  "c7c7c78185870397": "Prinplup",
  "c3c1c3c1a38381c7": "Probopass",
  "e3c3c391e1c181c7": "Psyduck",
  "e7c3c38381c783c3": "Pumpkaboo",
  "e1a1c1e1c1c383c7": "Pupitar",
  "f9c1c3a18393c3e3": "Purrloin",
  "9991c3c1c1d8c0d3": "Purugly",
  "ff8fc781819b83ff": "Pyroar",
  "ffd3d38183c3c7ff": "Pyukumuku",
  "e3c0c1e1e38181cb": "Quagsire",
  "c7e3c3c3c3c1c383": "Quilava",
  "97c0a3c18387e7f3": "Quilladin",
  "ebc0c1c9c1931f1f": "Qwilfish",
  "37078f03818f1f9f": "Raichu",
  "ff0103e3c39191ff": "Raikou",
  "c3c3c383c7c7c1c3": "Ralts",
  "ff40e38181c7e7ff": "Rampardos",
  "f18183c389e181e3": "Rapidash",
  "df018783a3c183e7": "Raticate",
  "f3f1d581c1d1c0ef": "Rattata",
  "3f070f07832d0c9f": "Rayquaza",
  "a38393c1998383c3": "Regice",
  "ffc3c3c1849b81ff": "Regigigas",
  "d38191e1c58501f3": "Regirock",
  "ffc3e381a54643ff": "Registeel",
  "ffe9e981e1c1c0ff": "Relicanth",
  "f9f9c38383c3e1f9": "Remoraid",
  "c781e1c183c381c7": "Reshiram",
  "ffffef0001e7ffff": "Reuniclus",
  "cf030787e18303ff": "Rhydon",
  "c7c3c3c1d1a181b3": "Rhyhorn",
  "ffc1c383c1c393ff": "Rhyperior",
  "dfc8c78183c3c7cf": "Ribombee",
  "c703838d01f5f3f3": "Riolu",
  "c783c3c1c1c3c3c3": "Rockruff",
  "e7c7c38383c3c3c1": "Roggenrola",
  "f7c3e78000efe7e7": "Roselia",
  "c7c38387c1e1e3e7": "Roserade",
  "dfcfc7c1c3911f3f": "Rotom",
  "c7819781c1c3c3c3": "Rowlet",
  "c3c183c383c383c3": "Rufflet",
  "efe0e1a1e0e1f1f9": "Sableye",
  "ff01c9c1c39181ff": "Salamence",
  "f7f7f3e3c3c181bf": "Salandit",
  "e3e3e381c3c1878f": "Salazzle",
  "6707c3e0c3c110f9": "Samurott",
  "fffef88181d3f3ff": "Sandile",
  "87878783a1a303f3": "Sandshrew",
  "e3c0c3838387c7df": "Sandslash",
  "ffe7e7c3e38100ff": "Sandygast",
  "e383a385c1c3819b": "Sawk",
  "e0f1f1c183c383a3": "Sawsbuck",
  "e3e1c38383c7e3e3": "Scatterbug",
  "c7cf878387c180f3": "Sceptile",
  "c9c1c187c38381b9": "Scizor",
  "bf0787c5c5c1c1c3": "Scolipede",
  "c7c7c7c7878383c3": "Scrafty",
  "cf8783878783c1c3": "Scraggy",
  "c7c7e0e1c3c1911b": "Scyther",
  "e70183c3c1c3e3e7": "Seadra",
  "c78487838587c1f1": "Seaking",
  "ffe1f0c18bc1e0ff": "Sealeo",
  "e7c3c3c183c383c3": "Seedot",
  "e1e0e0e1e18300ef": "Seel",
  "c383c3c1b98180f9": "Seismitoad",
  "e3e7c3c3e7c7c7c7": "Sentret",
  "8787879181cde1e3": "Serperior",
  "f1f1f0f1f18181f3": "Servine",
  "f9888d85d1c180d7": "Seviper",
  "8787c1d183c3e1f1": "Sewaddle",
  "f3f3878383c5c7e7": "Sharpedo",
  "c78383d1e1c1c1cb": "Shaymin",
  "8785ad8183c383e7": "Shedinja",
  "c383b981c1c901f3": "Shelgon",
  "f301b981c98381cf": "Shellder",
  "ff019313d8e080ff": "Shellos",
  "f160b185c5c181e3": "Shelmet",
  "c7838783878981e3": "Shieldon",
  "9f070787c38380e7": "Shiftry",
  "e78181d581c7c3e3": "Shiinotic",
  "fbc0f0a183c3c3e3": "Shinx",
  "ffe3e381b19181ff": "Shroomish",
  "f3e3e3c3c3c100df": "Shuckle",
  "dfcfc78183c3c3c3": "Shuppet",
  "f9a989c3c1c3e3e3": "Sigilyph",
  "f76583b1858743db": "Silcoon",
  "efc78789c3c183bb": "Silvally",
  "c3c183c3838783c3": "Simipour",
  "cfcfc383c3898393": "Simisage",
  "c78181e389e1c1c3": "Simisear",
  "ff98d98183c7c7ff": "Skarmory",
  "9703a3c180cf8f8f": "Skiddo",
  "ff839781b183c3ff": "Skiploom",
  "fd08a9a1a1a3c3f7": "Skitty",
  "f8f0f89091c9c1c3": "Skorupi",
  "e1c183c391e1e1e1": "Skrelp",
  "ffe0e1c1c1c3c1ff": "Skuntank",
  "ffc5c591998900ff": "Slaking",
  "ffff9f0181c7ffff": "Slakoth",
  "e783c3e3c38383c3": "Sliggoo",
  "8785c9c181e981b3": "Slowbro",
  "e78383c3c383c1c3": "Slowking",
  "ffe1f980e58100ff": "Slowpoke",
  "c9c183878f8181cb": "Slugma",
  "e3c3e38191e1c1c3": "Slurpuff",
  "c7c0c5c183c3c7c7": "Smeargle",
  "c3c3c383c1c3c3c3": "Smoochum",
  "f103c0c7c30783e3": "Sneasel",
  "8783c3c1c1c3c3c7": "Snivy",
  "ffc3c391bc8100ff": "Snorlax",
  "e7c7c383c3c183c3": "Snorunt",
  "ffe5e4c1878383ff": "Snover",
  "8f8191c3c38383cf": "Snubbull",
  "e3c1a1c3838b80cf": "Solgaleo",
  "e381b988958981e3": "Solosis",
  "f387c383c1c3c3ef": "Solrock",
  "f111d1838387c1c9": "Spearow",
  "8f07078768d101d7": "Spewpa",
  "ff0303d3f1a000ff": "Spheal",
  "ffe3e38181c7c5ff": "Spinarak",
  "8f89c1c383878387": "Spinda",
  "e381b981a1c383c3": "Spiritomb",
  "e3e3c383c1c3c7e7": "Spoink",
  "f1c0c3a1f181c1e7": "Spritzee",
  "c7878783a3c180b7": "Squirtle",
  "e381c3c1c1a3626a": "Stakataka",
  "878787c9c1e1e1c1": "Stantler",
  "8f8f8f81c1c38783": "Staraptor",
  "e7c7c78183c38783": "Staravia",
  "e7c7a78181f181c7": "Starly",
  "e581c1c3d19100fb": "Starmie",
  "e7c4e1a183c381b9": "Staryu",
  "cf87c78180fcf0f3": "Steelix",
  "efc1c38581c7e7e7": "Steenee",
  "ff8f9f019b8101ff": "Stoutland",
  "9f80c3c183e1e1e7": "Stufful",
  "fff3e1c1c383c7ff": "Stunfisk",
  "f9f0f181c38383cf": "Stunky",
  "c78481e5c7c7c793": "Sudowoodo",
  "df83838b83872565": "Suicune",
  "c3c383c3e185c3c1": "Sunflora",
  "9983c383c38383c3": "Sunkern",
  "fff7e381b03cfdff": "Surskit",
  "ffcfe34187c1f7ff": "Swablu",
  "ffc7c383c38300ff": "Swadloon",
  "c3c1d1c1e1a181cb": "Swalot",
  "ff87c3c1d1a1c0ff": "Swampert",
  "8f8f0fc187c181c7": "Swanna",
  "ff089d0383c381ff": "Swellow",
  "ffc3c383f18183ff": "Swinub",
  "c3838d8591c3e3e7": "Swirlix",
  "fc1989c383c3c3f3": "Swoobat",
  "8f8385c3c3838387": "Sylveon",
  "ff0f8f0581e380ff": "Taillow",
  "ff3f2783818f8fff": "Talonflame",
  "e381b19191c3809f": "Tangela",
  "c7878f0383c3c1c5": "Tangrowth",
  "e7c181c7c3c3e3e3": "Tapu Bulu",
  "cdc1c383c38383e3": "Tapu Fini",
  "c783c3c181e3e3f7": "Tapu Koko",
  "e7c7c38383c3c3e3": "Tapu Lele",
  "fee0cd0383c381cd": "Tauros",
  "8f81c383c1c3e1c1": "Teddiursa",
  "ffc3c3c2e0e13fff": "Tentacool",
  "ffc3c3c1c3c181ff": "Tentacruel",
  "d7c3c3a1b38181a7": "Tepig",
  "ef8383c3c1d100fb": "Terrakion",
  "bf1f8783c3c180db": "Throh",
  "e78383c3c3c1c1e3": "Thundurus",
  "ffc183c3c19387ff": "Timburr",
  "ffffe14303d9ffff": "Tirtouga",
  "f8c0c3a181b981cb": "Togedemaru",
  "ffffcf0183c3ffff": "Togekiss",
  "d780a1b1a3838393": "Togepi",
  "c78789c383c38387": "Togetic",
  "f3e1c38383c3c7c7": "Torchic",
  "e3c1c5c1d1c180f3": "Torkoal",
  "e3c3c383c3c1c1f9": "Tornadus",
  "fdc9c9c1c1e1839f": "Torracat",
  "f1c0e1c1938381e3": "Torterra",
  "8f87c383c3c1c1c7": "Totodile",
  "ff8383a3e1e1e0f7": "Toucannon",
  "ff939383c3c110ff": "Toxapex",
  "cf0787c1e0c3c1f9": "Toxicroak",
  "2f06c685c0e3e3e3": "Tranquill",
  "878383c383e1c1c9": "Trapinch",
  "8f878b83c7c0c0c7": "Treecko",
  "d781e9a005c78393": "Trevenant",
  "f3f0b1c1e1c101f9": "Tropius",
  "efe7e781c38300f7": "Trubbish",
  "ff83e18381d3e3ff": "Trumbeak",
  "c7c3c3c3c38381e7": "Tsareena",
  "ff80c38383c3839f": "Turtonator",
  "c3c3c787c3c1c1e1": "Turtwig",
  "c383b1c1c1e3e1e1": "Tympole",
  "ff0f0f83c1e1f8ff": "Tynamo",
  "e7e1e183838781e5": "Type:  Null",
  "c781c38383c381b3": "Typhlosion",
  "8f83c3078783c1c5": "Tyranitar",
  "f7048d9181e3e3f7": "Tyrantrum",
  "8f078783c1c58ccc": "Tyrogue",
  "ff01939189a301ff": "Tyrunt",
  "f3f1a199c1c3c1c9": "Umbreon",
  "c781d18381c7c7c7": "Unfezant",
  "8783b18387870f0f": "Unown",
  "e7e3c3c183c3819b": "Ursaring",
  "870787c1c18b83c3": "Uxie",
  "c3c3c383c383c3cf": "Vanillish",
  "e3e3c3c1c1c381f1": "Vanillite",
  "c781e18983c3c7cf": "Vanilluxe",
  "e9c183c3c781818f": "Vaporeon",
  "ff87878383a303ff": "Venipede",
  "fffc798183c3c3ff": "Venomoth",
  "e703c3c1c1e1c1c9": "Venonat",
  "ff81e381b1c1c1ff": "Venusaur",
  "c3c181c7c38383c3": "Vespiquen",
  "ffe0e9c0c18783ff": "Vibrava",
  "dfdfc1c38783878f": "Victini",
  "cf838783819b01e7": "Victreebel",
  "f3f3c38387c183c3": "Vigoroth",
  "dfc9c3c1c1c3cfcf": "Vikavolt",
  "f1c0c5c183c3c1c9": "Vileplume",
  "c1e1c383c3838783": "Virizion",
  "f971b990a9c1c0e5": "Vivillon",
  "c3c1c383c38387c7": "Volbeat",
  "c3c183c3c3c181f1": "Volcanion",
  "f981c38381c78393": "Volcarona",
  "c781f12189b181c7": "Voltorb",
  "f3e3e381c1c3c3c3": "Vullaby",
  "8f038791c1c583c3": "Vulpix",
  "ffc783b1f0c1c3ff": "Wailmer",
  "ff9f8f0381e3fbff": "Wailord",
  "1f070787e18301f3": "Walrein",
  "9383c78181f181d9": "Wartortle",
  "c3c3c3c3c3c7c7c7": "Watchog",
  "e1c1c383c3c103d3": "Weavile",
  "ef8787878d89c1e1": "Weedle",
  "ff019d8181c7c7ff": "Weepinbell",
  "e781f181c1c381bf": "Weezing",
  "e381d183c38381c7": "Whimsicott",
  "ff41c383c1c3c3ff": "Whirlipede",
  "ff8cf68081b303ff": "Whiscash",
  "f190c09b87838387": "Whismur",
  "9d81c3c1c9c1c1c3": "Wigglytuff",
  "ff4387c1c1e1e1ff": "Wimpod",
  "ff3f178383f0f8ff": "Wingull",
  "ffffc78181c7ffff": "Wishiwashi",
  "cd81c38387c18387": "Wobbuffet",
  "fff8b883c3c3e7ff": "Woobat",
  "e78081f12707c7c7": "Wooper",
  "efe7e38183c3c7c7": "Wormadam",
  "f9f1e1a1998581e3": "Wurmple",
  "ffc7c3c383a3c0ff": "Wynaut",
  "c787c3c3c3c18387": "Xatu",
  "9391c383c3c3c3d7": "Xerneas",
  "c7c7e98185c3c383": "Xurkitree",
  "ffe7c70300fdc7ff": "Yamask",
  "ffffb1858387ffff": "Yanma",
  "ffa1b381c38387ff": "Yanmega",
  "ffff1f8481c7ffff": "Yungoos",
  "fd0081f8f08387cf": "Yveltal",
  "cfc3c78183a30787": "Zangoose",
  "ff4081c783c3e7ff": "Zapdos",
  "9f8f8b83c38383c3": "Zebstrika",
  "f9c1c1c383c383f3": "Zekrom",
  "9f0183ac06c7c3f3": "Zeraora",
  "fff8e98107878fff": "Zigzagoon",
  "c78183c3a9c1c1f9": "Zoroark",
  "e781c3c183c3c3e7": "Zorua",
  "cf0683e1e0d4c6e7": "Zubat",
  "9383878583c381b9": "Zweilous",
  "0f878783878580cf": "Zygarde"
}